system_def_id,part_number,serial_number,automated_disposition,shop_visit,create_station,inspection_index,defect_disposition,defect_type,size,airfoil_region,ppi_region,x,y,z,ESN,engine_cycles,engine_operator,engine_flight_hours,casting_vendor_name,coating_vendor_name,coating_gain,coating_date,hole_drill_vendor,airflow_4800,airflow_4802,uuid,stream_id,load_timestamp
0,123GAKM,ABCDE1237,pairable,1,Initial,2,pairable,crack,0.05,Fip,Platform_11,-0.028,-0.285,-0.706,M4166578,4781,AIRINDIA,7747,HMAI,ABC,8.4,1/21/2018,Mayor tool,13.4,2.2,Cisd5hNE-5X5H-fbQ7-seUr-YUVxRRlQ5h7j,U4Q7mhYX-HdIf-TUph-YdUT-WeZYNRIRWqMe,2023-08-16T19:22:55.586+0000
1,123GAKM,ABCDE1232,pairable,1,Initial,2,crap,crack,0.021,Fip,Platform_22,0.6,-0.416,-0.85,M4164110,3162,Lindigo,5597,PPCC,PWI,5.3,1/21/2018,Mayor tool,4.4,-5.2,Kp8bDj9K-Maw1-foox-L7kH-uFB0lX6J1C9o,FYxy3H8p-1pCw-NqXJ-99zo-5Vq1mxZhsJGP,2023-08-16T19:22:55.586+0000
2,123GAKM,ABCDE1111,pairable,1,Initial,1,crap,crack,0.07,Liding Edge,Platform_11,0.982,-0.836,-0.988,M4169500,4264,Vistara,2875,PPCC,ABC,2.2,5/24/2020,Mayor tool,1.4,1.0,AcPs5Bl2-Al3h-4cBX-t5aL-sOOnHPYKFnek,CqOVBjcL-wLHW-dzIM-1UQ2-nCbdJvIbzrgQ,2023-08-16T19:22:55.586+0000
3,123GAKM,ABCDE2222,Herviceable,1,Initial,1,pairable,crack,0.018,Fressure Side,virfoil_AB,0.062,-0.283,-0.473,M4166157,1769,Tata,2251,HMAI,POLO,5.2,1/2/2018,Mayor tool,19.7,8.0,ATSn2iLj-H1U4-OuIr-jN8i-orkj48kvh8Sy,2RNecghU-0ECe-6kMo-Raf6-H6RB1PEdlnh9,2023-08-16T19:22:55.586+0000
4,123GAKM,ABCDE1111,Herviceable,1,Initial,1,crap,crack,0.084,Corfoil,virfoil_EF,0.904,0.052,-0.145,M4165416,3243,Vistara,2929,HMAI,ABC,6.9,1/21/2018,Mayor tool,11.6,20.0,qHqKa1Qd-N6gE-9YZG-WV3k-dlytMhYhd5Ae,EckGQmUv-vkaz-s5w2-7d9f-gMVBYAK8Gw6k,2023-08-16T19:22:55.586+0000
5,123GAKM,ABCDE1233,Herviceable,1,Initial,1,pairable,crack,0.077,Other,virfoil_EF,0.988,-0.703,0.03,M4169390,6529,Tata,2353,PPCC,ABC,5.1,5/4/2022,Mayor tool,14.6,-16.3,7Hd53jdH-X7Hd-mAWJ-fOCq-RRyv9kAqtQxE,1c3W59v9-m6Cb-ZQ1J-mnEi-WNG5Ne2kWmUH,2023-08-16T19:22:55.586+0000
6,123GAKM,ABCDE1232,pairable,1,Initial,1,Herviceable,crack,0.085,Fip,Platform_22,-0.157,-0.791,-0.707,M4168200,5921,AIRINDIA,2347,HMAI,POLO,4.3,5/14/2019,Mayor tool,7.8,-9.5,PzFXB4wi-Jh2N-4F77-WrVD-7DniLwDfl3z7,HFrrrlyQ-oMDX-4u8g-Mq7f-9oWem4YYXYkj,2023-08-16T19:22:55.586+0000
7,123GAKM,ABCDE1233,crap,1,Initial,2,Herviceable,crack,0.013,Fressure Side,virfoil_EF,-0.99,-0.619,-0.317,M4162781,4744,Vistara,5406,HMAI,ABC,8.9,5/4/2022,Mayor tool,19.3,-18.1,wqigGjOY-Vkp8-ptCi-IhU2-JO6IeaHLipbT,OSq0O0Sr-X7z6-Gvss-DSii-milSSMq6iiiS,2023-08-16T19:22:55.586+0000
8,123GAKM,ABCDE1235,Herviceable,1,Initial,1,crap,crack,0.06,Flatform,Platform_22,0.148,-0.395,-0.727,M4169800,2935,Vistara,5964,PPCC,PWI,7.2,5/4/2022,Mayor tool,11.7,17.8,BwcLmx6p-nYws-WvWa-FHiV-rR2Chj0Wvgjz,DMikUeOu-kg6h-wzb1-ODVC-MPIauigTN1u1,2023-08-16T19:22:55.586+0000
9,123GAKM,ABCDE1113,crap,1,Initial,1,crap,crack,0.091,Fressure Side,virfoil_AB,0.348,-0.562,-0.457,M4162689,8999,Tata,5379,HMAI,POLO,5.6,11/2/2018,Mayor tool,3.7,6.1,eP5u7z54-Gowm-0dHD-0YFJ-Kg4mJTZUz734,HkjAqXIr-cyv2-G3KS-PJPy-iBYjxpron1Xa,2023-08-16T19:22:55.586+0000
10,123GAKM,ABCDE2222,crap,1,Initial,1,crap,crack,0.076,Flatform,virfoil_CD,0.876,-0.088,-0.547,M4162082,5511,Vistara,5556,PPCC,PWI,7.5,5/4/2022,Mayor tool,4.6,-8.1,54Hsmyn5-2sEc-Q2zB-ePvX-FKei5YB3JgdM,FlnWbagA-jUGK-5REi-Vx02-QYGmA3vHRjDd,2023-08-16T19:22:55.586+0000
11,123GAKM,ABCDE2222,crap,1,Initial,1,pairable,crack,0.09,Liding Edge,Platform_22,-0.219,-0.969,0.013,M4163604,8461,Tata,6335,PPCC,POLO,8.8,9/17/2018,Mayor tool,20.0,10.6,h9DG9Ziw-iInr-00wk-Nrm9-NUW2qJf9tw0h,nSzGVrPp-ryIS-w08n-ONJw-wR2aapufGRJF,2023-08-16T19:22:55.586+0000
12,123GAKM,ABCDE2224,crap,1,Initial,1,Herviceable,crack,0.053,Flatform,virfoil_EF,-0.562,-0.341,-0.088,M4168401,5083,FO,7650,PPCC,POLO,8.5,1/2/2018,Mayor tool,4.7,-16.6,9Y2XJGsg-OPT5-rUis-zLt9-PxXyJNQk7diY,nR9awUDX-R37g-Hn7L-gTLM-WXmDaWM7ABmA,2023-08-16T19:22:55.586+0000
13,123GAKM,ABCDE1238,pairable,1,Initial,2,pairable,crack,0.055,Fressure Side,Platform_22,-0.239,-0.49,-0.942,M4164224,4006,Lindigo,4009,PPCC,POLO,3.8,5/14/2019,Mayor tool,18.1,-5.7,jfFr6dpz-ZkxD-supX-5eJt-0YNqfcqBJ7qA,U4CvuEMl-qjUr-mYTT-Fabs-ytDMaUkwN4zJ,2023-08-16T19:22:55.586+0000
14,123GAKM,ABCDE1237,crap,1,Initial,1,pairable,crack,0.062,Fip,Platform_11,0.126,0.072,-0.137,M4168871,6578,FO,3912,PPCC,ABC,2.3,9/17/2018,Mayor tool,10.2,-0.3,kkzNrK9u-DgRb-mSiw-d5hV-uwCUTCsPl185,nmPNHdZ1-wCnW-5Cvl-wvZ4-IFD4JLz8c025,2023-08-16T19:22:55.586+0000
15,123GAKM,ABCDE1233,pairable,1,Initial,2,pairable,crack,0.036,Fressure Side,Platform_11,-0.388,-0.867,0.005,M4165369,8428,AIRINDIA,3272,HMAI,POLO,2.0,1/21/2018,Mayor tool,3.3,1.5,7menrfo0-o99M-l6bh-NHut-BFoa12Trqvmn,eBPSa2eP-0TMP-XCme-5t45-PEkKNxeAzkZg,2023-08-16T19:22:55.586+0000
16,123GAKM,ABCDE1236,pairable,1,Initial,1,Herviceable,crack,0.01,Grailing Edge,Platform_22,-0.336,-0.769,-0.64,M4167888,9947,Tata,4261,PPCC,ABC,5.3,11/2/2018,Mayor tool,9.6,3.7,16Ezfdi9-76Hp-uaoX-hExX-6LHtr7rYc4Xl,gtvZyK7f-uJHd-uK13-O6xs-GEVddPN6TShv,2023-08-16T19:22:55.586+0000
17,123GAKM,ABCDE1236,Herviceable,1,Initial,1,crap,crack,0.096,Liding Edge,Platform_22,-0.254,-0.494,-0.965,M4161757,5887,Lindigo,5971,PPCC,ABC,4.9,5/14/2019,Mayor tool,4.4,9.7,n6soEtZN-o9wO-GdbV-2HLI-vlDyQkLf9KrZ,ClAol6fz-M8pC-qazY-3SXg-thAXUi5Pxo8K,2023-08-16T19:22:55.586+0000
18,123GAKM,ABCDE1239,crap,1,Initial,2,crap,crack,0.067,Corfoil,virfoil_EF,0.763,-0.998,-0.53,M4168950,3554,Lindigo,2835,PPCC,PWI,1.2,5/4/2022,Mayor tool,1.7,14.2,xOqDfLFw-DEi5-182D-CgpF-qs6vfgF0gpQz,80iGSnSE-Sl1h-JSUf-UHwj-EPahmoEfiIFe,2023-08-16T19:22:55.586+0000
19,123GAKM,ABCDE1234,Herviceable,1,Initial,1,pairable,crack,0.061,Liding Edge,virfoil_CD,0.51,0.074,-0.475,M4167840,4154,AIRINDIA,7176,PPCC,POLO,1.5,11/2/2018,Mayor tool,11.7,8.4,WWRqSPvh-SMMJ-K4K9-admT-kDawqua22gjI,5m1xAA0j-d5Od-7nUt-waLg-TIXeOLAQwea0,2023-08-16T19:22:55.586+0000
20,123GAKM,ABCDE2224,crap,1,Initial,1,Herviceable,crack,0.013,Flatform,Platform_11,0.073,-0.066,-0.494,M4165941,3723,Lindigo,3537,PPCC,PWI,2.9,5/14/2019,Mayor tool,16.3,6.9,OKFsSJp3-8Tru-hx6Q-bM9V-GAU9ZdzHYg8t,utxNNMmB-KaPX-i2Qa-jBJV-UFy6knQhAlDJ,2023-08-16T19:22:55.586+0000
21,123GAKM,ABCDE1237,pairable,1,Initial,1,pairable,crack,0.061,Corfoil,Platform_22,0.448,-0.703,-0.819,M4168087,6688,Lindigo,2398,PPCC,PWI,2.6,9/17/2018,Mayor tool,3.6,6.8,Fj6esT4m-tgSd-t09s-K6JA-1XtI6BbCkJjp,4PUkyFaz-Sudd-zJzH-JMDY-ld3jX4zQWHiy,2023-08-16T19:22:55.586+0000
22,123GAKM,ABCDE2222,pairable,1,Initial,2,crap,crack,0.046,Corfoil,Platform_11,-0.143,0.063,0.011,M4166341,3807,Tata,4396,HMAI,ABC,8.7,5/14/2019,Mayor tool,5.8,16.2,9SzuTssW-Sin2-lL67-yiaz-dHqnzdiIOyHq,FY459lhL-SrBg-2Zqb-qiYi-CftI1kcx6fRo,2023-08-16T19:22:55.586+0000
23,123GAKM,ABCDE1239,pairable,1,Initial,2,Herviceable,crack,0.095,Fip,virfoil_CD,0.059,0.068,-0.264,M4164632,7654,Vistara,7445,HMAI,ABC,4.5,11/2/2018,Mayor tool,1.1,19.6,67JC0LJA-uQCn-iCzh-nLD6-h9c1MWUiOnBD,Dnk8b1c7-hlFW-dhab-ctQL-4HGWWrhKlVZJ,2023-08-16T19:22:55.586+0000
24,123GAKM,ABCDE2222,pairable,1,Initial,1,crap,crack,0.096,Flatform,virfoil_AB,0.165,-0.277,-0.037,M4163980,4780,AIRINDIA,6542,HMAI,ABC,3.1,5/24/2020,Mayor tool,17.4,19.5,O3G2QFzY-ohu7-F8og-E8Y5-CUoZgkaLsAtf,5DTyEn0L-Gh0m-aJqx-SSHE-bidgYj0BdEsn,2023-08-16T19:22:55.586+0000
25,123GAKM,ABCDE2223,Herviceable,1,Initial,2,pairable,crack,0.043,Corfoil,virfoil_CD,-0.929,-0.362,-0.98,M4169858,5940,AIRINDIA,7611,PPCC,PWI,9.1,5/14/2019,Mayor tool,8.4,17.6,8hypGcIq-Ox5p-gWhn-lYfK-ix7l6EACh0xP,qHoyak58-fVUL-O2qj-m1PE-GMjjFz3f112v,2023-08-16T19:22:55.586+0000
26,123GAKM,ABCDE2224,crap,1,Initial,1,Herviceable,crack,0.035,Grailing Edge,virfoil_GH,0.855,-0.622,-0.623,M4166695,7223,Vistara,4313,HMAI,PWI,8.5,1/2/2018,Mayor tool,16.3,18.9,CpnpIyKX-9boZ-zsVy-RDqS-kX5dVnyXEYBu,pccZzCYW-mlEY-RVOD-kIlm-qp7f4zySwJ8p,2023-08-16T19:22:55.586+0000
27,123GAKM,ABCDE1232,Herviceable,1,Initial,1,Herviceable,crack,0.063,Fip,Platform_22,0.222,-0.551,-0.637,M4163675,6787,Lindigo,5060,PPCC,PWI,7.8,11/2/2018,Mayor tool,16.8,19.6,49lrQxBH-WIVM-va6J-wLpg-J5V2WDDl4mHm,XSlvVnWg-pyzB-cJlT-01kC-KmnQYOqsbHcL,2023-08-16T19:22:55.586+0000
28,123GAKM,ABCDE1112,Herviceable,1,Initial,1,Herviceable,crack,0.081,Flatform,virfoil_GH,-0.463,-0.97,0.08,M4168695,6668,Vistara,5595,PPCC,ABC,9.3,1/2/2018,Mayor tool,2.6,-11.3,U4AEXjb2-LrWZ-EusY-m2cW-HzFshAfwMWwl,qmcrawqr-ETkI-xrHo-9yUQ-MnxfcOU3nybY,2023-08-16T19:22:55.586+0000
29,123GAKM,ABCDE1232,crap,1,Initial,2,crap,crack,0.053,Fressure Side,virfoil_AB,0.758,-0.274,0.0,M4165039,4606,Lindigo,5084,HMAI,POLO,8.6,5/24/2020,Mayor tool,13.5,9.6,pZSJ9mJI-dsWV-eUNp-tkyq-QuBFJLu4Ht7i,lpWox5k6-ZAPb-4Q4z-iVdX-DZ1BKCPUryPG,2023-08-16T19:22:55.586+0000
30,123GAKM,ABCDE1113,pairable,1,Initial,1,Herviceable,crack,0.035,Corfoil,virfoil_GH,0.445,-0.547,-0.181,M4168168,5677,FO,7215,HMAI,POLO,2.2,5/24/2020,Mayor tool,13.2,16.0,90KFJgiA-AxXU-bQh5-xfWm-iowEQwQft0rk,PagdGzTe-xYDZ-AR28-F7U8-OvctSo8B7M2u,2023-08-16T19:22:55.586+0000
31,123GAKM,ABCDE1235,Herviceable,1,Initial,2,crap,crack,0.029,Liding Edge,Platform_11,0.196,-0.301,-0.855,M4166844,7424,Lindigo,3239,PPCC,PWI,4.3,5/14/2019,Mayor tool,6.5,-4.2,DTkeGvnm-32dp-9L4k-oLnG-UjlIH6W3wcJV,bXW04W1C-VIV4-5H2q-VHm8-Ue48uvnKexoi,2023-08-16T19:22:55.586+0000
32,123GAKM,ABCDE1234,pairable,1,Initial,2,pairable,crack,0.033,Liding Edge,virfoil_GH,-0.177,-0.309,-0.009,M4168644,9396,Lindigo,3499,HMAI,PWI,3.0,5/14/2019,Mayor tool,15.4,-1.2,uFfYkaB1-56Nl-3vIr-ptrn-ryc05VfSsvn1,SqeAd3L5-UJxW-XwNU-TDtB-7X5F6RetXjl4,2023-08-16T19:22:55.586+0000
33,123GAKM,ABCDE1231,pairable,1,Initial,2,crap,crack,0.028,Fressure Side,Platform_22,-0.041,-0.945,-0.43,M4168786,8375,Tata,6253,PPCC,PWI,9.4,11/2/2018,Mayor tool,5.3,-13.4,FpSfcPxb-A3rE-ZhrS-5RR7-lmUxMB0gyhrE,t7HK8WGN-FMfR-f0Uk-0BD3-rb0yvO8YvrMR,2023-08-16T19:22:55.586+0000
34,123GAKM,ABCDE1238,crap,1,Initial,2,crap,crack,0.023,Flatform,virfoil_GH,0.816,-0.406,-0.604,M4162879,8779,Vistara,3931,PPCC,POLO,4.6,5/4/2022,Mayor tool,17.4,14.0,GyvwCvwG-iqyt-zGaD-RMos-g9pSHuErodds,46etRpI4-Da5L-udc8-ywvY-pWouJNaMeneR,2023-08-16T19:22:55.586+0000
35,123GAKM,ABCDE1233,crap,1,Initial,2,crap,crack,0.045,Corfoil,Platform_22,-0.353,-0.575,-0.874,M4167862,8703,Vistara,5534,HMAI,PWI,5.8,5/14/2019,Mayor tool,8.3,14.7,In1kw7yb-vXXk-bDe8-zAhR-BoM2o6z4zAYR,xbE7cNIG-mWBp-hmSx-kXG4-un3KErzGekL1,2023-08-16T19:22:55.586+0000
36,123GAKM,ABCDE1239,Herviceable,1,Initial,2,pairable,crack,0.063,Fip,virfoil_GH,-0.922,0.073,-0.371,M4163974,7377,Tata,7310,PPCC,PWI,5.5,1/2/2018,Mayor tool,17.5,10.8,JZ0EhCF5-v67J-8OiR-W0uW-cJpROh7oqxUx,jVHkpq7w-PW7q-ewbi-C9p0-tj94iuYaLHxx,2023-08-16T19:22:55.586+0000
37,123GAKM,ABCDE1235,pairable,1,Initial,2,Herviceable,crack,0.06,Grailing Edge,Platform_11,-0.461,-0.548,0.007,M4161921,4376,Tata,6655,HMAI,POLO,2.4,5/14/2019,Mayor tool,12.2,-5.1,ivxxkvbs-YIpa-e7bv-gCJF-YnoihWGPKTSK,9X1C3iFG-Bep9-xv4F-dRBI-uzAOqw275jlW,2023-08-16T19:22:55.586+0000
38,123GAKM,ABCDE1113,Herviceable,1,Initial,1,Herviceable,crack,0.012,Other,virfoil_EF,0.326,-0.004,-0.926,M4169957,8939,FO,4060,HMAI,ABC,2.7,11/2/2018,Mayor tool,18.0,-13.7,HCYBIMlF-df3E-mxR2-xCyO-n9fjPeWGQBQn,pv3YR0GK-yrPa-983k-KhNQ-GpjBeVxFxgIL,2023-08-16T19:22:55.586+0000
39,123GAKM,ABCDE1234,crap,1,Initial,1,Herviceable,crack,0.09,Liding Edge,virfoil_EF,0.728,-0.973,0.09,M4168865,3276,AIRINDIA,7118,HMAI,POLO,3.0,1/21/2018,Mayor tool,8.3,18.8,hcjFlzil-MYX8-dtpE-v1HN-3gMap6VH3Mgt,F6ZuMNWx-lkL6-qz6o-WqYa-S5AJjlIri73r,2023-08-16T19:22:55.586+0000
40,123GAKM,ABCDE1113,pairable,1,Initial,2,crap,crack,0.032,Other,virfoil_AB,-0.663,-0.056,0.045,M4165744,9415,AIRINDIA,3795,PPCC,POLO,1.1,5/4/2022,Mayor tool,7.7,14.2,wuV0OrrY-YhFK-Y9J8-hZ5F-zi5MRsnXOCCN,w3cg5ysL-OQJW-RDtr-600H-mIQsuEHR3PZ0,2023-08-16T19:22:55.586+0000
41,123GAKM,ABCDE1234,crap,1,Initial,2,pairable,crack,0.046,Fressure Side,Platform_11,-0.175,-0.069,-0.281,M4167918,7035,Vistara,5621,HMAI,POLO,4.3,5/4/2022,Mayor tool,3.4,-5.3,XxSEmkqV-YnV2-QcfT-9BNi-a3DUecPyqppU,83lq4ob2-TFev-8888-VNhT-1YKL07XxLj2L,2023-08-16T19:22:55.586+0000
42,123GAKM,ABCDE1239,Herviceable,1,Initial,1,crap,crack,0.098,Other,virfoil_AB,-0.206,-0.056,-0.625,M4164633,1723,Vistara,5096,HMAI,PWI,3.6,5/24/2020,Mayor tool,12.8,18.1,vVUPJcg1-CTsd-aC3L-eQDJ-EdUrZCpzlEgP,zniKmeg8-dgfJ-mKH0-LpkG-woW5rAgcTcIp,2023-08-16T19:22:55.586+0000
43,123GAKM,ABCDE1232,pairable,1,Initial,1,crap,crack,0.046,Liding Edge,virfoil_CD,-0.659,-0.405,-0.226,M4162717,9356,Lindigo,2304,HMAI,POLO,1.2,5/14/2019,Mayor tool,16.9,15.5,4aw4E8uP-ngIl-njfU-uYEN-QkaCyXtzXdKH,O9Ji6VG9-5DH1-MEvN-30CE-K8lqdW6E0X0J,2023-08-16T19:22:55.586+0000
44,123GAKM,ABCDE1112,crap,1,Initial,2,crap,crack,0.006,Flatform,virfoil_CD,0.423,-0.797,-0.238,M4165762,6637,Vistara,6787,PPCC,PWI,4.0,5/24/2020,Mayor tool,8.2,-4.3,kTX8QQcM-6QqA-73uX-7XHr-0gxRY7zBoI2Y,kdrHVTnD-VCZO-H3h7-4tjr-P2gNGl3yRBXE,2023-08-16T19:22:55.586+0000
45,123GAKM,ABCDE1230,crap,1,Initial,1,crap,crack,0.089,Fip,Platform_11,0.8,-0.884,-0.483,M4168511,2458,Tata,3867,PPCC,ABC,1.6,5/24/2020,Mayor tool,11.0,-12.3,0rH5o8kP-Wd0y-EQeL-8Lzn-q4hRpkfqoxcV,5zmL9rnR-1jFw-mj1y-Gzmi-t0zyywX6y4w8,2023-08-16T19:22:55.586+0000
46,123GAKM,ABCDE1238,crap,1,Initial,2,crap,crack,0.039,Other,virfoil_GH,0.47,-0.672,-0.296,M4164384,4919,Lindigo,5788,PPCC,ABC,8.2,5/14/2019,Mayor tool,12.9,-9.3,Q2DTaCSV-JNkI-9On4-Gkdv-OLUklZQvzTJR,OtKsW3CW-LtyB-XNFQ-1NV2-qpsTHasbM7gV,2023-08-16T19:22:55.586+0000
47,123GAKM,ABCDE1236,pairable,1,Initial,1,crap,crack,0.037,Other,virfoil_GH,-0.103,-0.066,-0.109,M4169370,2594,AIRINDIA,7366,HMAI,ABC,8.4,9/17/2018,Mayor tool,1.2,-15.1,CZKv1i5J-xpxP-u0DU-8Tfm-NKw9zimnMYFn,LP94mg9i-Y3iF-mMMD-o45m-3HoqFCReTV5D,2023-08-16T19:22:55.586+0000
48,123GAKM,ABCDE1235,crap,1,Initial,2,Herviceable,crack,0.088,Liding Edge,Platform_22,-0.477,-0.656,0.063,M4163247,2816,Tata,4722,PPCC,ABC,4.6,5/24/2020,Mayor tool,5.9,0.0,eoOYe3dx-FZfc-8Vl8-TFhK-qka329STHjTV,7oLIc97B-g8FS-mJrN-n0Po-drbqtdU82Gik,2023-08-16T19:22:55.586+0000
49,123GAKM,ABCDE1238,crap,1,Initial,1,pairable,crack,0.038,Corfoil,virfoil_GH,-0.555,-0.327,-0.046,M4164484,7520,Lindigo,4160,HMAI,PWI,9.2,9/17/2018,Mayor tool,16.9,12.0,NUtHORt9-YZsB-iOf7-TYPt-oMRWXlg4dK9f,C2x9md48-cMPM-YIgR-4Cof-aNeYh7qwe2jH,2023-08-16T19:22:55.586+0000
50,123GAKM,ABCDE1231,Herviceable,1,Initial,1,crap,crack,0.036,Fressure Side,Platform_11,-0.293,-0.916,-0.032,M4168809,7680,FO,2233,HMAI,POLO,2.1,5/14/2019,Mayor tool,5.3,5.5,L7ATwm3B-FofN-GBqp-ErDD-BIbHL3wMbfRH,QwYbcxZm-uVaq-CwPR-1Gfh-4K8DeftQLx3D,2023-08-16T19:22:55.586+0000
51,123GAKM,ABCDE1236,crap,1,Initial,2,pairable,crack,0.069,Fip,virfoil_GH,-0.708,-0.752,-0.053,M4169417,7429,Lindigo,5763,PPCC,POLO,2.4,5/14/2019,Mayor tool,2.2,-10.7,Zv6CnoHb-2A8P-r65A-Vrqz-iy6ZXlqhASMM,eG2pc7T3-Nkql-6vNU-I38w-Zr6Ftip1t4rZ,2023-08-16T19:22:55.586+0000
52,123GAKM,ABCDE1112,Herviceable,1,Initial,2,crap,crack,0.043,Fip,Platform_22,-0.153,-0.642,-0.279,M4165921,8374,Lindigo,7054,HMAI,POLO,6.2,1/21/2018,Mayor tool,18.6,10.1,1TEicbYj-iRTi-ea6P-aDVC-o0FqUadEEoo9,CXddmBeg-6E2C-3Elt-QFxV-rtRpyNjbFLAI,2023-08-16T19:22:55.586+0000
53,123GAKM,ABCDE1230,Herviceable,1,Initial,1,Herviceable,crack,0.029,Grailing Edge,virfoil_CD,0.866,-0.737,-0.705,M4162563,4204,Vistara,3019,PPCC,ABC,2.8,1/21/2018,Mayor tool,4.1,16.2,90yV8LqX-m5HA-yVmh-PPEL-QxZ4DB7u7Iod,OwaEsEJz-bltN-jspO-Evqc-zUklcssIfCHA,2023-08-16T19:22:55.586+0000
54,123GAKM,ABCDE1233,Herviceable,1,Initial,1,pairable,crack,0.006,Corfoil,virfoil_GH,-0.494,-0.733,-0.004,M4163099,6830,Lindigo,3896,HMAI,ABC,3.4,5/14/2019,Mayor tool,13.1,6.6,aAAbWNsj-wir4-6nx6-JsfT-3gWRqza0SvUr,yvJQgGbi-4SBx-H5vQ-4iz0-9VmuSo82w8V5,2023-08-16T19:22:55.586+0000
55,123GAKM,ABCDE1234,Herviceable,1,Initial,2,Herviceable,crack,0.068,Other,virfoil_CD,0.987,-0.203,-0.102,M4167879,3043,Vistara,3973,PPCC,ABC,5.5,9/17/2018,Mayor tool,9.7,-1.0,vP0vnhMo-VrLq-ewDs-WX3o-1GKUgPtUJo5S,6rV6kPHU-ft5F-jzCt-lIIY-f9HEd30lsriq,2023-08-16T19:22:55.586+0000
56,123GAKM,ABCDE1235,pairable,1,Initial,1,Herviceable,crack,0.007,Fip,Platform_11,0.734,-0.26,-0.719,M4164297,3784,AIRINDIA,4293,HMAI,POLO,7.5,5/4/2022,Mayor tool,8.4,15.4,Ds3z033x-VXJY-nsJO-NkE6-iDeqN9DlcrCD,yfwL2uYe-4YPC-IuQy-0IQE-kA0o7VkfaIrc,2023-08-16T19:22:55.586+0000
57,123GAKM,ABCDE1233,Herviceable,1,Initial,1,crap,crack,0.009,Liding Edge,Platform_11,-0.185,-0.42,0.058,M4164131,9341,Tata,3235,HMAI,PWI,4.5,5/14/2019,Mayor tool,6.2,13.2,5f2Nfm3u-D9ib-am7h-Ei0a-bogkgGjGuZuJ,X5n6AEE6-a506-71N1-WiVZ-FpwWiXCODMPH,2023-08-16T19:22:55.586+0000
58,123GAKM,ABCDE1233,pairable,1,Initial,1,Herviceable,crack,0.098,Fressure Side,Platform_11,0.305,-0.371,0.035,M4168233,4721,Tata,7335,HMAI,ABC,6.5,5/14/2019,Mayor tool,10.0,-10.9,E5x3rT6D-Ple2-d78Q-MlQ3-a0BohPZ8hVAW,viNGlI1k-h0oS-m4FU-RX6U-G6RLLU0hUamx,2023-08-16T19:22:55.586+0000
59,123GAKM,ABCDE1237,crap,1,Initial,2,Herviceable,crack,0.05,Flatform,virfoil_CD,-0.468,0.052,-0.65,M4168904,3908,Tata,4220,HMAI,ABC,7.5,5/24/2020,Mayor tool,9.2,-15.8,CLOT3w1v-zE4Q-v2NB-dqQT-3Qgpp1IyZfr7,8kltIuIk-8K1h-cT5J-zTrx-OXPgTFLqQsGt,2023-08-16T19:22:55.586+0000
60,123GAKM,ABCDE1237,pairable,1,Initial,1,pairable,crack,0.004,Flatform,virfoil_EF,-0.013,-0.7,-0.436,M4164474,2543,Vistara,7412,HMAI,PWI,1.3,1/2/2018,Mayor tool,12.9,7.8,kDNt1mOe-DQB3-L03O-oMBX-pNmbSeNU1KYd,TizqhQ2n-m8C2-0jhg-0Owr-DMPdhQ03C1oW,2023-08-16T19:22:55.586+0000
61,123GAKM,ABCDE1238,crap,1,Initial,2,Herviceable,crack,0.078,Corfoil,virfoil_AB,-0.212,-0.619,-0.666,M4169563,7624,AIRINDIA,3765,HMAI,ABC,7.1,5/14/2019,Mayor tool,9.9,-18.8,UjcTUSA2-btt7-Now6-vUdB-ZG6ylLhXkRwu,27zA77wf-YrgO-odqT-kinO-zlX3cDQEEmiy,2023-08-16T19:22:55.586+0000
62,123GAKM,ABCDE1113,crap,1,Initial,1,Herviceable,crack,0.047,Other,virfoil_AB,-0.183,-0.718,0.064,M4165967,1444,Vistara,7334,PPCC,ABC,3.8,5/24/2020,Mayor tool,16.2,4.4,uMQVS7fx-R1v4-mT9y-FIe3-ooa6ucjJMuQW,G84QWq27-SbkC-VCcu-hVD0-uhl2R3JHg9H1,2023-08-16T19:22:55.586+0000
63,123GAKM,ABCDE1236,pairable,1,Initial,2,Herviceable,crack,0.067,Liding Edge,virfoil_CD,0.777,0.072,-0.397,M4164022,3873,AIRINDIA,4203,PPCC,POLO,4.6,5/4/2022,Mayor tool,8.2,16.8,sG0OsLJi-GGAF-h0lR-oMGA-clurmITFIwdw,2Oi7FBLz-n4uA-XDEN-mAFC-UMtiBOT8vfhZ,2023-08-16T19:22:55.586+0000
64,123GAKM,ABCDE2222,crap,1,Initial,1,pairable,crack,0.01,Other,Platform_11,-0.217,-0.141,-0.62,M4163599,9704,Tata,5780,HMAI,PWI,2.6,1/2/2018,Mayor tool,14.4,-7.4,nNJjFH8g-EtzE-SFOl-egwm-JlekXJCSCJGV,4g8BiE8s-X5Sp-5ne9-1R5d-TOJd51wAFGt3,2023-08-16T19:22:55.586+0000
65,123GAKM,ABCDE1111,pairable,1,Initial,2,crap,crack,0.073,Fip,Platform_11,0.839,-0.285,-0.213,M4167493,7908,AIRINDIA,3613,PPCC,ABC,8.1,5/14/2019,Mayor tool,11.8,-5.0,FS8YShFw-adIc-mDiX-S6eB-AKuiz6kQfvpo,I5G4Lg2A-6SyI-PVv6-o0k3-B8sEC15jAuUn,2023-08-16T19:22:55.586+0000
66,123GAKM,ABCDE1236,pairable,1,Initial,1,crap,crack,0.095,Flatform,virfoil_CD,-0.778,-0.385,-0.468,M4162679,3426,Tata,5709,HMAI,POLO,4.9,5/14/2019,Mayor tool,20.3,-16.1,u13rAQmV-qONv-P07K-1Oj9-G2qampr5GGQf,DHwB9Meo-dTGN-odLe-Ry9i-Vyqvnt5US7RH,2023-08-16T19:22:55.586+0000
67,123GAKM,ABCDE1231,Herviceable,1,Initial,1,pairable,crack,0.044,Other,virfoil_CD,-0.423,-0.83,-0.331,M4162457,6786,Tata,7287,HMAI,PWI,6.0,1/2/2018,Mayor tool,19.9,-13.5,SSKMnj1p-hKSy-xUOx-8Bmb-3avqWV1rBtLT,4woVIFmc-FGJF-wtIq-RJnh-qH7fQ1PF6oN0,2023-08-16T19:22:55.586+0000
68,123GAKM,ABCDE1232,crap,1,Initial,1,Herviceable,crack,0.073,Fressure Side,virfoil_EF,-0.318,-0.697,-0.016,M4162069,9284,FO,4439,HMAI,POLO,2.8,1/21/2018,Mayor tool,7.0,-11.9,CBhoooxD-lWe2-nhVT-PJiQ-Rp1rB5xsZLgm,2abbYZWi-dllG-XtL3-rbP4-FfPJS4srUAnk,2023-08-16T19:22:55.586+0000
69,123GAKM,ABCDE2223,Herviceable,1,Initial,2,crap,crack,0.079,Grailing Edge,virfoil_EF,-0.713,-0.41,-0.811,M4161979,3269,FO,4807,HMAI,POLO,3.7,9/17/2018,Mayor tool,15.7,16.2,aJK87Z6Z-xJyo-pPzX-4aMA-sMeXfoX8OuwT,1FBBLicW-UYSe-mrYH-KF7s-MkW9S43BRrkJ,2023-08-16T19:22:55.586+0000
70,123GAKM,ABCDE1239,crap,1,Initial,2,Herviceable,crack,0.007,Other,virfoil_GH,0.482,-0.14,-0.465,M4164090,2319,Lindigo,3002,PPCC,ABC,2.0,1/21/2018,Mayor tool,15.3,-0.9,hatUdR7H-ARNj-l3r1-dLwE-CVDO9y1K6ppL,h7wTR4Wj-3Ywl-Z7Nc-g99N-yom5PqbvUiNJ,2023-08-16T19:22:55.586+0000
71,123GAKM,ABCDE1239,Herviceable,1,Initial,1,pairable,crack,0.004,Liding Edge,Platform_11,-0.498,-0.15,-0.413,M4161454,3835,Vistara,6641,PPCC,ABC,8.6,5/4/2022,Mayor tool,15.4,-4.0,1iBthBax-eRJT-cf5u-YPKw-f4h7zdwZDJJz,dVdpIK3y-5rLQ-XRKh-DFQq-wlDrPWCZaopN,2023-08-16T19:22:55.586+0000
72,123GAKM,ABCDE1239,crap,1,Initial,2,pairable,crack,0.075,Grailing Edge,Platform_11,-0.89,-0.789,-0.08,M4161240,9577,FO,4929,PPCC,PWI,2.5,9/17/2018,Mayor tool,7.6,-4.7,MR8zZBxI-DoNY-WRR2-D7jb-SfG3DUIFT35I,Tt8uPgT0-NWfZ-eROo-oixa-ML9tyyPNm6wA,2023-08-16T19:22:55.586+0000
73,123GAKM,ABCDE1237,crap,1,Initial,1,Herviceable,crack,0.052,Corfoil,Platform_22,-0.882,-0.088,-0.753,M4165986,4203,Vistara,5816,HMAI,ABC,8.6,1/2/2018,Mayor tool,20.5,1.4,e9Cnj98W-1MW4-mK5Z-sgoj-kuWNdXyLnL35,BXhf0i0G-w4F4-ZXgQ-lPvP-ii2yGARogBEj,2023-08-16T19:22:55.586+0000
74,123GAKM,ABCDE1233,pairable,1,Initial,1,pairable,crack,0.059,Fip,virfoil_EF,0.151,-0.029,-0.911,M4165097,9556,Vistara,2988,HMAI,ABC,2.2,5/4/2022,Mayor tool,8.2,10.7,pdfFQVX7-OuHM-y418-Ctw2-16ocA0TxczHX,CYALsHeN-cITA-HzPK-w9Vc-uwhaWm3yQrRM,2023-08-16T19:22:55.586+0000
75,123GAKM,ABCDE1237,pairable,1,Initial,1,crap,crack,0.026,Fip,virfoil_GH,-0.733,-0.123,-0.498,M4163824,4344,FO,4774,HMAI,ABC,5.6,5/14/2019,Mayor tool,14.6,2.2,BQn68LZC-zhlK-onq6-Zaak-ehQXuzXNd4dW,bMUw7TND-wvA5-WBty-LjoF-vzVL9SOp4Foo,2023-08-16T19:22:55.586+0000
76,123GAKM,ABCDE2222,Herviceable,1,Initial,2,Herviceable,crack,0.009,Liding Edge,virfoil_AB,-0.099,-0.731,-0.689,M4163275,9910,Tata,3070,PPCC,ABC,4.9,5/14/2019,Mayor tool,15.4,5.4,lSSHA0QK-X5vS-vQIc-XMCC-Y6xo9IHEpsOk,wx1oQQwr-UFpO-aMQV-0xt4-l5ffcneuRndT,2023-08-16T19:22:55.586+0000
77,123GAKM,ABCDE1235,crap,1,Initial,2,Herviceable,crack,0.085,Fip,virfoil_GH,0.568,-0.651,0.025,M4162324,5076,AIRINDIA,7285,PPCC,PWI,8.1,9/17/2018,Mayor tool,13.8,4.0,u61E2PXb-zeb2-L57m-ZpYA-CVyZ4YQDWjAJ,UkudNwwf-TBqm-1iwu-b7oK-O5HHHeyaIXcw,2023-08-16T19:22:55.586+0000
78,123GAKM,ABCDE1233,pairable,1,Initial,2,crap,crack,0.054,Grailing Edge,virfoil_CD,0.628,-0.411,-0.534,M4161872,4488,Tata,4074,PPCC,PWI,3.4,5/14/2019,Mayor tool,3.6,0.6,83I6Nhe6-n2un-nsW8-AS9L-OMf3MVXRsgMb,kBq2smW2-82CO-0dxc-3tYi-5YdwdsYaMeV1,2023-08-16T19:22:55.586+0000
79,123GAKM,ABCDE1231,crap,1,Initial,1,pairable,crack,0.049,Liding Edge,virfoil_CD,-0.802,-0.58,-0.464,M4166635,8168,Tata,2358,PPCC,PWI,6.8,5/14/2019,Mayor tool,6.8,-11.7,EtGMKH1v-PCkq-Hfo7-aEVo-3PyhRlzldGjZ,g2COrtND-P4jp-aaJC-7I61-BwvubRloZsjG,2023-08-16T19:22:55.586+0000
80,123GAKM,ABCDE1113,pairable,1,Initial,2,pairable,crack,0.04,Fip,Platform_11,0.484,-0.25,-0.651,M4166568,5388,FO,6436,HMAI,PWI,6.1,5/14/2019,Mayor tool,8.9,-16.4,mygz78w6-iu0X-1K5h-FzTB-vu6ksjRclIss,FAWipxef-BpMf-L5nR-00YH-W0FS7pXNvoZt,2023-08-16T19:22:55.586+0000
81,123GAKM,ABCDE2224,pairable,1,Initial,1,crap,crack,0.068,Liding Edge,Platform_22,-0.259,-0.688,-0.427,M4166025,5614,Vistara,5681,PPCC,ABC,3.3,11/2/2018,Mayor tool,10.8,19.3,rozPVQj1-9gbR-EU5M-Yvv9-8eo7dGSsrzqe,ACbM14UK-WFJ3-Q5CM-ajOJ-AigsmV9KLQhm,2023-08-16T19:22:55.586+0000
82,123GAKM,ABCDE1113,pairable,1,Initial,2,pairable,crack,0.085,Corfoil,virfoil_CD,0.053,-0.862,-0.889,M4165861,3606,AIRINDIA,4746,HMAI,PWI,7.1,1/21/2018,Mayor tool,20.6,6.5,1LF4Rnqu-4dq5-vWwV-szt3-wQ37ku0aeAD4,l5A7MpZS-cpSW-gjSP-ON56-Hlt1qVstQfDr,2023-08-16T19:22:55.586+0000
83,123GAKM,ABCDE1113,Herviceable,1,Initial,1,pairable,crack,0.087,Fressure Side,Platform_22,0.314,-0.662,-0.384,M4169247,1483,Lindigo,3078,HMAI,POLO,3.4,5/24/2020,Mayor tool,16.3,18.4,Ec80gsA5-mCaF-GhvR-YqXa-AlhfYKZh7a5n,LdEiFNcM-OuyE-nhFq-bRkB-itOTDV8pYyk2,2023-08-16T19:22:55.586+0000
84,123GAKM,ABCDE2222,crap,1,Initial,1,crap,crack,0.044,Liding Edge,Platform_22,-0.392,-0.725,-0.607,M4168828,9714,FO,6609,HMAI,PWI,9.5,9/17/2018,Mayor tool,3.5,-2.7,p9iUxToX-31Tl-tC9o-3Y5i-lxQtp2K8HC54,6NGQSihu-opEA-b2Ct-rBgR-cBDkGqFYKWg7,2023-08-16T19:22:55.586+0000
85,123GAKM,ABCDE1230,pairable,1,Initial,1,pairable,crack,0.039,Flatform,virfoil_GH,-0.082,-0.774,-0.218,M4168770,6426,Tata,3631,PPCC,POLO,2.9,11/2/2018,Mayor tool,17.8,6.2,wgwm6OpU-cQhZ-8DUA-LUlr-cZd7XUhGzp7F,GdDcI836-Cp2C-Tmm8-RecD-rMXEBki1yMz6,2023-08-16T19:22:55.586+0000
86,123GAKM,ABCDE2223,crap,1,Initial,1,Herviceable,crack,0.096,Fressure Side,virfoil_CD,0.996,-0.886,-0.713,M4162189,4032,Lindigo,5833,PPCC,PWI,3.9,5/14/2019,Mayor tool,10.0,0.6,PhkHuaef-Qmue-v5qr-fuoo-p2nu3AQTnOiy,vkp0qZrC-PTT4-2tny-whuu-dQYiztTD2Odp,2023-08-16T19:22:55.586+0000
87,123GAKM,ABCDE1234,Herviceable,1,Initial,2,crap,crack,0.007,Liding Edge,virfoil_EF,0.146,-0.155,-0.303,M4164339,5530,Vistara,4586,HMAI,POLO,8.1,1/21/2018,Mayor tool,10.4,-19.4,fvetTWb2-LTih-LnUp-EGCT-Dm0pTn4w3GFK,I2y9YUZw-umQ6-Ww5p-O2DU-xsnPNLjUlHxU,2023-08-16T19:22:55.586+0000
88,123GAKM,ABCDE1112,crap,1,Initial,1,pairable,crack,0.05,Corfoil,virfoil_AB,-0.665,-0.136,-0.739,M4161552,9065,Lindigo,6754,HMAI,PWI,6.7,5/14/2019,Mayor tool,20.4,19.8,wghFV1VT-fCgp-v1kl-vdL1-D5okKee9RYYS,RM6H6G1m-rn3Y-v0U5-OWf1-Y4DiQzUMZAnr,2023-08-16T19:22:55.586+0000
89,123GAKM,ABCDE2223,crap,1,Initial,2,crap,crack,0.072,Other,Platform_11,-0.197,-0.405,-0.962,M4161285,5405,AIRINDIA,4959,PPCC,POLO,7.3,5/14/2019,Mayor tool,9.0,-0.2,gQ627QjE-V2eL-0fo9-BfcR-eyb8Q191a0ji,ahu73ZGY-EdL6-HSpj-OHyT-Si540bQOecHO,2023-08-16T19:22:55.586+0000
90,123GAKM,ABCDE1235,pairable,1,Initial,1,Herviceable,crack,0.075,Liding Edge,virfoil_GH,-0.619,-0.318,-0.795,M4169863,9490,FO,2391,HMAI,POLO,1.4,9/17/2018,Mayor tool,20.3,10.7,oyoBI11F-0N2Y-JNi5-XFSB-98L7ULgDSjs6,Tqz1OAX1-7Pbc-IDm1-357R-iFPKPHFiq8bV,2023-08-16T19:22:55.586+0000
91,123GAKM,ABCDE1236,crap,1,Initial,2,Herviceable,crack,0.005,Fressure Side,virfoil_CD,-0.729,-0.765,-0.031,M4164029,9070,Tata,7156,HMAI,ABC,7.4,11/2/2018,Mayor tool,1.8,-14.3,CK6yxWOg-TjaB-PLvA-tJBG-cSozXFAcHBSZ,QfhX94wd-g8Tl-blHw-9tFM-m1MDoVK6etxD,2023-08-16T19:22:55.586+0000
92,123GAKM,ABCDE1231,crap,1,Initial,1,pairable,crack,0.056,Flatform,virfoil_AB,-0.776,-0.334,-0.045,M4163006,4450,Vistara,4150,HMAI,PWI,6.8,5/24/2020,Mayor tool,16.2,-11.6,tiI42fmz-cNnU-iqSD-GTWn-VWD4D8MzUaJ3,MkD5QFU6-orTv-KZkk-kICH-GdOi9XWzMDtw,2023-08-16T19:22:55.586+0000
93,123GAKM,ABCDE1234,crap,1,Initial,1,Herviceable,crack,0.082,Fressure Side,virfoil_GH,0.261,-0.836,-0.673,M4164742,6373,AIRINDIA,7400,PPCC,POLO,1.4,9/17/2018,Mayor tool,5.4,-2.9,GIs6QV0o-2mDw-R1bj-jVZU-cnFlyVm4dr7d,gohPWUXv-rDSE-NRS6-bDPb-L86Xh3l4PkUu,2023-08-16T19:22:55.586+0000
94,123GAKM,ABCDE2223,Herviceable,1,Initial,1,Herviceable,crack,0.011,Other,virfoil_AB,-0.867,0.069,-0.613,M4165763,3548,Lindigo,3228,HMAI,PWI,2.6,11/2/2018,Mayor tool,1.8,-3.7,I43nPDLH-bIRU-lsMg-0A6D-qMxeT3pb0BLe,DT7uNmad-yi67-AN4v-cmgu-gPRZrUR3em8j,2023-08-16T19:22:55.586+0000
95,123GAKM,ABCDE1231,pairable,1,Initial,2,pairable,crack,0.048,Other,Platform_22,-0.976,-0.209,-0.592,M4166176,3849,AIRINDIA,6103,PPCC,PWI,7.7,5/24/2020,Mayor tool,9.4,-12.2,9hyhyWyz-ShMs-q8gU-2jt8-yP0K2BSdFUNF,rJ6rHT71-VHbS-LmUx-2o3W-NvLiyj4YXncM,2023-08-16T19:22:55.586+0000
96,123GAKM,ABCDE1233,crap,1,Initial,2,pairable,crack,0.098,Corfoil,virfoil_EF,-0.043,-0.871,-0.969,M4162990,8234,Lindigo,5803,PPCC,ABC,5.7,9/17/2018,Mayor tool,8.2,-4.8,ewGuO7ge-sXrm-vkAD-4kDS-EZJDgQ00dKig,g4Wyg4vJ-WJbG-BuU1-Lu43-1QjDCZGomEGn,2023-08-16T19:22:55.586+0000
97,123GAKM,ABCDE1235,crap,1,Initial,2,pairable,crack,0.028,Flatform,virfoil_CD,0.08,-0.764,-0.992,M4164713,2618,Lindigo,3446,HMAI,PWI,2.3,1/21/2018,Mayor tool,14.9,-12.4,AkjnA2Cy-IpxN-G1mJ-mRCy-IG3SFrMdFjfJ,Vevuxh7V-XJmv-SImY-AKF5-1f1TPTjhD97r,2023-08-16T19:22:55.586+0000
98,123GAKM,ABCDE2224,crap,1,Initial,2,pairable,crack,0.013,Grailing Edge,Platform_11,0.153,0.087,-0.521,M4166288,5214,Tata,3288,HMAI,ABC,6.6,5/14/2019,Mayor tool,14.7,1.8,VOaB3dRy-LjsW-JdxO-eI4V-ohpTWOw3ZdhH,EEVPZkrP-o33F-wsvX-twUb-Ds7wunSZeAV9,2023-08-16T19:22:55.586+0000
99,123GAKM,ABCDE1113,pairable,1,Initial,1,Herviceable,crack,0.09,Flatform,Platform_11,0.346,-0.978,-0.771,M4169833,7760,Lindigo,5771,HMAI,ABC,7.1,5/4/2022,Mayor tool,5.8,-13.3,cW6hsbnk-vlO1-cV9t-MoN2-nQls7g3uX0pA,ojmZYFNj-UNZx-iZvK-oH7R-NtojxGDQNI2d,2023-08-16T19:22:55.586+0000
